Sr. No.,Time,Current,Voltage,Temperature
1,2023-08-05 00:00:01,0.486026628315089,2.6000917811169404,27
2,2023-08-05 00:00:02,0.49577319296365285,2.602599208431229,25
3,2023-08-05 00:00:03,0.5048675217671027,2.605128720123957,27
4,2023-08-05 00:00:04,0.5065834018011204,2.6070085075643843,26
5,2023-08-05 00:00:05,0.5066362956767931,2.6089904635810637,27
6,2023-08-05 00:00:06,0.5077056094854552,2.609049177228029,27
7,2023-08-05 00:00:07,0.5089943116855303,2.609607533328408,26
8,2023-08-05 00:00:08,0.5154400478662189,2.6103968566251154,25
9,2023-08-05 00:00:09,0.5237615361197677,2.6114691647200847,25
10,2023-08-05 00:00:10,0.5239932206734851,2.613456472897314,25
11,2023-08-05 00:00:11,0.5251845051395786,2.613754126761687,27
12,2023-08-05 00:00:12,0.5355078248946911,2.613761748628794,27
13,2023-08-05 00:00:13,0.5485120299922105,2.6158785710416126,25
14,2023-08-05 00:00:14,0.556332713522939,2.6161566655098207,25
15,2023-08-05 00:00:15,0.5597654772804731,2.6172399056612026,27
16,2023-08-05 00:00:16,0.5666636367472897,2.6189141641043663,26
17,2023-08-05 00:00:17,0.5772138980767104,2.6194735745226123,25
18,2023-08-05 00:00:18,0.5810628660807937,2.620012031961743,26
19,2023-08-05 00:00:19,0.5837232478923343,2.6248947284803923,25
20,2023-08-05 00:00:20,0.587447877478664,2.626281601475004,27
21,2023-08-05 00:00:21,0.5893478735569538,2.6272013646261088,26
22,2023-08-05 00:00:22,0.5999192872295156,2.631747144117994,27
23,2023-08-05 00:00:23,0.6013037783259116,2.631893790947662,27
24,2023-08-05 00:00:24,0.6082552983020747,2.6319261487786436,27
25,2023-08-05 00:00:25,0.6088076640616112,2.63518132876224,26
26,2023-08-05 00:00:26,0.6090310799915826,2.6359043583889843,26
27,2023-08-05 00:00:27,0.6223063224034348,2.6362764818088684,25
28,2023-08-05 00:00:28,0.6362088433999114,2.636418134081866,27
29,2023-08-05 00:00:29,0.6375432120990345,2.636967929078175,26
30,2023-08-05 00:00:30,0.6419973838416271,2.6385547891703447,27
31,2023-08-05 00:00:31,0.6502997278179421,2.640464397635127,25
32,2023-08-05 00:00:32,0.6526197336210743,2.6405311699360805,27
33,2023-08-05 00:00:33,0.6551928257678299,2.641722678393943,27
34,2023-08-05 00:00:34,0.6565392507031842,2.6422599678964693,25
35,2023-08-05 00:00:35,0.6573904482842754,2.6460007507688057,25
36,2023-08-05 00:00:36,0.6759791236471745,2.647603375124328,27
37,2023-08-05 00:00:37,0.6763998872620701,2.6497060685136202,26
38,2023-08-05 00:00:38,0.6766127990531124,2.652797775154655,26
39,2023-08-05 00:00:39,0.6777824564745253,2.6556144861031594,27
40,2023-08-05 00:00:40,0.6796358622366869,2.659083033649428,27
41,2023-08-05 00:00:41,0.6818592238731158,2.6594377302340084,27
42,2023-08-05 00:00:42,0.6878967309543155,2.667333499621104,25
43,2023-08-05 00:00:43,0.6884851284587465,2.667902945978582,26
44,2023-08-05 00:00:44,0.6907101166868692,2.668504325003413,25
45,2023-08-05 00:00:45,0.6946962730141639,2.668584849429562,26
46,2023-08-05 00:00:46,0.7013129839917394,2.6692962463460703,26
47,2023-08-05 00:00:47,0.7109751739745647,2.672166257726768,26
48,2023-08-05 00:00:48,0.7141082655020967,2.6738403528085337,25
49,2023-08-05 00:00:49,0.7160602815049204,2.6751979371646812,25
50,2023-08-05 00:00:50,0.7278783081026724,2.6769407070929496,27
51,2023-08-05 00:00:51,0.7279108209327223,2.677030143530366,27
52,2023-08-05 00:00:52,0.7390056858492862,2.6773751070842686,25
53,2023-08-05 00:00:53,0.7408932001087807,2.6776861463797452,26
54,2023-08-05 00:00:54,0.746047331555586,2.678982290079594,25
55,2023-08-05 00:00:55,0.7512840898980082,2.6812375983606027,25
56,2023-08-05 00:00:56,0.7515282864468174,2.682146522096789,27
57,2023-08-05 00:00:57,0.7564610735462851,2.6827432609183393,27
58,2023-08-05 00:00:58,0.7580235901321222,2.6852786389203662,27
59,2023-08-05 00:00:59,0.7653911995920264,2.6871639353771055,25
60,2023-08-05 00:01:00,0.7730751318001656,2.6889742944669215,26
61,2023-08-05 00:01:01,0.7777999948222066,2.689392818902739,25
62,2023-08-05 00:01:02,0.7833755604623953,2.689998300743883,25
63,2023-08-05 00:01:03,0.794005437196388,2.693112854608411,25
64,2023-08-05 00:01:04,0.7943906538904673,2.6961674027080553,26
65,2023-08-05 00:01:05,0.800574736430433,2.6967374384947327,27
66,2023-08-05 00:01:06,0.8022114943337808,2.697578575460229,27
67,2023-08-05 00:01:07,0.8024854538921874,2.697671786395795,25
68,2023-08-05 00:01:08,0.8170850337500517,2.699193014133688,27
69,2023-08-05 00:01:09,0.8197811393013562,2.699578501863955,26
70,2023-08-05 00:01:10,0.8372070000529179,2.6996038712723585,27
71,2023-08-05 00:01:11,0.8443750933440416,2.702066170903777,25
72,2023-08-05 00:01:12,0.8462531917209412,2.7022599698250294,25
73,2023-08-05 00:01:13,0.8513581532617591,2.702310207467392,27
74,2023-08-05 00:01:14,0.8514741910826106,2.703626120020953,27
75,2023-08-05 00:01:15,0.857143884763218,2.705172817468827,27
76,2023-08-05 00:01:16,0.8745188972645246,2.705232770744335,26
77,2023-08-05 00:01:17,0.874680759004975,2.7066724019254473,26
78,2023-08-05 00:01:18,0.875452714978115,2.7070684329861385,26
79,2023-08-05 00:01:19,0.8758000952157068,2.7083115169011136,25
80,2023-08-05 00:01:20,0.885197967185273,2.7094844858570046,27
81,2023-08-05 00:01:21,0.8915078931326549,2.71225263044252,27
82,2023-08-05 00:01:22,0.8928009283887932,2.713229174688254,26
83,2023-08-05 00:01:23,0.8977022335550867,2.713976703518763,25
84,2023-08-05 00:01:24,0.9158833902986474,2.720786808847436,27
85,2023-08-05 00:01:25,0.9165085163228103,2.7219132378020343,26
86,2023-08-05 00:01:26,0.9172968010747508,2.722119770663093,27
87,2023-08-05 00:01:27,0.9176481620477669,2.7240119609986975,27
88,2023-08-05 00:01:28,0.9194829408123273,2.7241674841868146,26
89,2023-08-05 00:01:29,0.9197934925400368,2.7281107486604976,27
90,2023-08-05 00:01:30,0.9372686858223613,2.728691551330365,26
91,2023-08-05 00:01:31,0.9424162401855443,2.728998915081296,26
92,2023-08-05 00:01:32,0.9429919806269438,2.729456257935222,27
93,2023-08-05 00:01:33,0.9443315650641269,2.730667783668419,27
94,2023-08-05 00:01:34,0.9536769269571189,2.7317812286477663,26
95,2023-08-05 00:01:35,0.9573505184143447,2.733093557301335,27
96,2023-08-05 00:01:36,0.9593636898584912,2.734891763824696,27
97,2023-08-05 00:01:37,0.9608364057712369,2.73491569818873,27
98,2023-08-05 00:01:38,0.9651387937017288,2.7359739299802905,27
99,2023-08-05 00:01:39,0.9657057736509307,2.7372503910871577,27
100,2023-08-05 00:01:40,0.9726124625414554,2.7418281922681227,26
101,2023-08-05 00:01:41,0.9958191229935556,2.7429163814025483,25
102,2023-08-05 00:01:42,0.9973780367079028,2.7434063600071936,26
103,2023-08-05 00:01:43,1.0053476335240918,2.745052873926261,25
104,2023-08-05 00:01:44,1.0082420148565396,2.745171821357807,25
105,2023-08-05 00:01:45,1.0086455934254062,2.7452116402645723,25
106,2023-08-05 00:01:46,1.0114589031852879,2.7463090259967626,26
107,2023-08-05 00:01:47,1.012039481589642,2.750001792118298,25
108,2023-08-05 00:01:48,1.0176085332915044,2.7505012803412554,26
109,2023-08-05 00:01:49,1.0180926472425567,2.7506166278503392,27
110,2023-08-05 00:01:50,1.0224243787786884,2.751111832716361,26
111,2023-08-05 00:01:51,1.037416176652386,2.751790386096348,25
112,2023-08-05 00:01:52,1.0377525704554413,2.7530315500275244,26
113,2023-08-05 00:01:53,1.0386578247976601,2.754471772360949,27
114,2023-08-05 00:01:54,1.041965433294405,2.756696933067055,27
115,2023-08-05 00:01:55,1.0447243914925917,2.757458498371868,27
116,2023-08-05 00:01:56,1.0449727620425087,2.758409882179189,27
117,2023-08-05 00:01:57,1.0454638626379213,2.7587920762791245,25
118,2023-08-05 00:01:58,1.0466241423399314,2.7600419320796346,27
119,2023-08-05 00:01:59,1.0470574454558852,2.760080824701955,25
120,2023-08-05 00:02:00,1.0483622694656622,2.7627800949063954,26
121,2023-08-05 00:02:01,1.049387103311723,2.7649871716160948,26
122,2023-08-05 00:02:02,1.0580887699626893,2.7658684425855546,25
123,2023-08-05 00:02:03,1.0718176150357612,2.766893197771613,27
124,2023-08-05 00:02:04,1.074327705727676,2.7672894470494724,27
125,2023-08-05 00:02:05,1.0765374890812018,2.7676542401694846,27
126,2023-08-05 00:02:06,1.079137248340917,2.771886121917266,27
127,2023-08-05 00:02:07,1.0858333429763474,2.772053947304895,26
128,2023-08-05 00:02:08,1.0980576913605469,2.7727386906770013,26
129,2023-08-05 00:02:09,1.098851846825962,2.7768457657967542,25
130,2023-08-05 00:02:10,1.1003957128604362,2.7796323678824133,26
131,2023-08-05 00:02:11,1.1009280911964652,2.787384285264664,25
132,2023-08-05 00:02:12,1.1011284330511237,2.7887543608918035,27
133,2023-08-05 00:02:13,1.102624748357679,2.78911560815936,25
134,2023-08-05 00:02:14,1.112856487634791,2.7899129297773615,27
135,2023-08-05 00:02:15,1.114010333937104,2.7899245492923477,26
136,2023-08-05 00:02:16,1.125587641564654,2.7922929905522307,25
137,2023-08-05 00:02:17,1.1259847262548126,2.7940624298770813,25
138,2023-08-05 00:02:18,1.1268938319107162,2.7943223212544352,25
139,2023-08-05 00:02:19,1.1299485805843617,2.794763906205786,25
140,2023-08-05 00:02:20,1.139505398890499,2.796039299146725,26
141,2023-08-05 00:02:21,1.1740597323158817,2.7981997822164923,25
142,2023-08-05 00:02:22,1.1774268203791765,2.7987386292666883,26
143,2023-08-05 00:02:23,1.181706212125079,2.800089536538901,26
144,2023-08-05 00:02:24,1.1854369243030265,2.800446897417609,26
145,2023-08-05 00:02:25,1.1933673379562584,2.8015688330087594,26
146,2023-08-05 00:02:26,1.1984757450228622,2.8021190832980403,27
147,2023-08-05 00:02:27,1.19995307472403,2.805657325450596,26
148,2023-08-05 00:02:28,1.2010490220065324,2.807700609530315,27
149,2023-08-05 00:02:29,1.2035504352873148,2.8097230828119177,26
150,2023-08-05 00:02:30,1.2052143961007027,2.8122965763009784,25
151,2023-08-05 00:02:31,1.2110891265452046,2.8135451312453914,25
152,2023-08-05 00:02:32,1.2190082262173825,2.8141763695200965,25
153,2023-08-05 00:02:33,1.2211836292384208,2.8163284207455477,27
154,2023-08-05 00:02:34,1.2230077883045354,2.817698896034189,26
155,2023-08-05 00:02:35,1.2336203624526716,2.8182451502205077,26
156,2023-08-05 00:02:36,1.2340332278102655,2.8198711664377263,26
157,2023-08-05 00:02:37,1.2387256690460462,2.8238466200611847,25
158,2023-08-05 00:02:38,1.2398310077349772,2.8245152666424285,27
159,2023-08-05 00:02:39,1.2514396895235689,2.825284694463989,25
160,2023-08-05 00:02:40,1.254942814511558,2.826089432881257,27
161,2023-08-05 00:02:41,1.2641118644736082,2.8282905457707943,27
162,2023-08-05 00:02:42,1.2642305895938049,2.8297521415460736,25
163,2023-08-05 00:02:43,1.264367526951543,2.834174784654425,25
164,2023-08-05 00:02:44,1.2673560965220543,2.8347095353853193,26
165,2023-08-05 00:02:45,1.2673711529102565,2.835360157871357,27
166,2023-08-05 00:02:46,1.2696582249919874,2.841424490999587,25
167,2023-08-05 00:02:47,1.2712045277558448,2.841941110495069,27
168,2023-08-05 00:02:48,1.2750644656264971,2.8423071107503044,26
169,2023-08-05 00:02:49,1.2755420225390184,2.8426064606589385,26
170,2023-08-05 00:02:50,1.2779192266369988,2.8444429990937707,27
171,2023-08-05 00:02:51,1.2787056976519722,2.8468018538560877,25
172,2023-08-05 00:02:52,1.2791504710914916,2.8477915644871934,27
173,2023-08-05 00:02:53,1.2877838157942572,2.849364270062187,25
174,2023-08-05 00:02:54,1.295473202005871,2.8495847723002847,27
175,2023-08-05 00:02:55,1.3021121301053653,2.8525216170718433,26
176,2023-08-05 00:02:56,1.3067107179585982,2.8538425110019774,26
177,2023-08-05 00:02:57,1.3112543682516749,2.8558305137308935,26
178,2023-08-05 00:02:58,1.3181629726515451,2.856737127917563,25
179,2023-08-05 00:02:59,1.3212630281406779,2.8587223085283866,26
180,2023-08-05 00:03:00,1.3258631932740603,2.8588012550479034,25
181,2023-08-05 00:03:01,1.3362236986478775,2.859243476287475,27
182,2023-08-05 00:03:02,1.3404855601506709,2.8598274493306644,26
183,2023-08-05 00:03:03,1.3428061095695023,2.861120900955467,25
184,2023-08-05 00:03:04,1.345241389291401,2.866242866757369,26
185,2023-08-05 00:03:05,1.346393825112367,2.8669105911441615,25
186,2023-08-05 00:03:06,1.3575365170794234,2.8709678436699795,27
187,2023-08-05 00:03:07,1.3598165477444208,2.8729369027096023,26
188,2023-08-05 00:03:08,1.3703414980106392,2.8729972752221884,27
189,2023-08-05 00:03:09,1.370636396068988,2.8735647678781127,27
190,2023-08-05 00:03:10,1.378632649478903,2.8742644697021107,25
191,2023-08-05 00:03:11,1.3798008165170377,2.875490134871859,25
192,2023-08-05 00:03:12,1.3811095387233325,2.876102772995515,25
193,2023-08-05 00:03:13,1.3841898244729598,2.876229246376619,26
194,2023-08-05 00:03:14,1.385375996877977,2.8773221280961874,26
195,2023-08-05 00:03:15,1.387157651338475,2.877370230177677,25
196,2023-08-05 00:03:16,1.3884814657809823,2.8780787158346364,25
197,2023-08-05 00:03:17,1.392990904939764,2.8790178581169084,27
198,2023-08-05 00:03:18,1.3933329472021816,2.8813722653679332,25
199,2023-08-05 00:03:19,1.3957234189392302,2.88432905415445,25
200,2023-08-05 00:03:20,1.4032569482529682,2.8892833577210184,26
201,2023-08-05 00:03:21,1.4038385984257833,2.8914640824341764,25
202,2023-08-05 00:03:22,1.4123212605452793,2.892672785168934,27
203,2023-08-05 00:03:23,1.4144135929578125,2.8937719497030785,27
204,2023-08-05 00:03:24,1.4160083272130934,2.894918325280756,27
205,2023-08-05 00:03:25,1.4180630037147335,2.8957476751581814,27
206,2023-08-05 00:03:26,1.419854846373429,2.8962626666737807,27
207,2023-08-05 00:03:27,1.4299817214823987,2.8979804574969603,27
208,2023-08-05 00:03:28,1.4330972639175283,2.898641591778786,26
209,2023-08-05 00:03:29,1.4363248602284635,2.9012735072260396,27
210,2023-08-05 00:03:30,1.4375308595474736,2.9039414903156104,27
211,2023-08-05 00:03:31,1.4389255810531136,2.9048909564162866,25
212,2023-08-05 00:03:32,1.4496217313143511,2.9052576411612625,27
213,2023-08-05 00:03:33,1.4506657446239029,2.905492111372756,26
214,2023-08-05 00:03:34,1.451597291314239,2.9059967377052365,27
215,2023-08-05 00:03:35,1.4558164761483918,2.906764569342718,25
216,2023-08-05 00:03:36,1.4581929625195125,2.906943852426134,26
217,2023-08-05 00:03:37,1.4620927310184353,2.9082455980683823,27
218,2023-08-05 00:03:38,1.464205394815759,2.9084888504067314,27
219,2023-08-05 00:03:39,1.4644350871283287,2.9094513856608253,25
220,2023-08-05 00:03:40,1.4693704045359972,2.913070428956347,25
221,2023-08-05 00:03:41,1.4745835746239142,2.9148978723814016,27
222,2023-08-05 00:03:42,1.4798647183150238,2.915508088046618,26
223,2023-08-05 00:03:43,1.493367481110417,2.918311588634582,25
224,2023-08-05 00:03:44,1.4941183292716795,2.920028441894361,27
225,2023-08-05 00:03:45,1.4958088338079545,2.920536141560542,27
226,2023-08-05 00:03:46,1.4978553835967823,2.921284072841426,26
227,2023-08-05 00:03:47,1.4992174253831816,2.921972707660034,25
228,2023-08-05 00:03:48,1.5062688567682638,2.9236098530456864,25
229,2023-08-05 00:03:49,1.5197656383147737,2.9239258795281393,27
230,2023-08-05 00:03:50,1.526040264802034,2.9247164418888874,25
231,2023-08-05 00:03:51,1.5287589934022512,2.9258112233450624,25
232,2023-08-05 00:03:52,1.532244532846412,2.926263020025657,27
233,2023-08-05 00:03:53,1.5351618099746906,2.929459164837887,26
234,2023-08-05 00:03:54,1.5392236089708191,2.9306238743417663,26
235,2023-08-05 00:03:55,1.5420315198174033,2.937148922053143,26
236,2023-08-05 00:03:56,1.5492920576098954,2.945531657172684,25
237,2023-08-05 00:03:57,1.5505075083636273,2.9463246386493336,27
238,2023-08-05 00:03:58,1.550864141987702,2.94834243346226,25
239,2023-08-05 00:03:59,1.5615484833787783,2.949896162554038,26
240,2023-08-05 00:04:00,1.562501477871569,2.9538550411689015,25
241,2023-08-05 00:04:01,1.5692641167308718,2.9544832779613976,26
242,2023-08-05 00:04:02,1.5717768521091664,2.95654461463423,27
243,2023-08-05 00:04:03,1.5743086116116676,2.9576012103377436,26
244,2023-08-05 00:04:04,1.5795377145193006,2.957763901762256,26
245,2023-08-05 00:04:05,1.5827975391579021,2.9597433214505307,26
246,2023-08-05 00:04:06,1.5832351333059722,2.9610553003280633,27
247,2023-08-05 00:04:07,1.5866769067481865,2.962387589728467,25
248,2023-08-05 00:04:08,1.5902488270852773,2.9635686214629144,27
249,2023-08-05 00:04:09,1.592494255112598,2.9660104905374056,26
250,2023-08-05 00:04:10,1.597100597884647,2.9680469262536358,27
251,2023-08-05 00:04:11,1.6140433589438532,2.971770201087014,26
252,2023-08-05 00:04:12,1.6143653164311562,2.97273981807641,27
253,2023-08-05 00:04:13,1.6184010900667996,2.976134565697241,27
254,2023-08-05 00:04:14,1.6224052971203229,2.977038738176825,25
255,2023-08-05 00:04:15,1.6230706332174187,2.9774118338687763,27
256,2023-08-05 00:04:16,1.6274680804033006,2.977413145610487,26
257,2023-08-05 00:04:17,1.6374098526789143,2.9774179963585037,27
258,2023-08-05 00:04:18,1.6395782011671571,2.978412573461225,26
259,2023-08-05 00:04:19,1.6425037436874401,2.9802284964915917,25
260,2023-08-05 00:04:20,1.6432696993896934,2.9831293811605537,27
261,2023-08-05 00:04:21,1.6481926054112002,2.9838110744626762,25
262,2023-08-05 00:04:22,1.6492695889031772,2.9849855025182976,26
263,2023-08-05 00:04:23,1.651251131874643,2.993252581456411,26
264,2023-08-05 00:04:24,1.6547447809528044,2.993419645696426,27
265,2023-08-05 00:04:25,1.6552605702563423,2.9969880401366593,25
266,2023-08-05 00:04:26,1.6606783544824457,2.9976834963280807,26
267,2023-08-05 00:04:27,1.661678943285973,2.9995830401706085,27
268,2023-08-05 00:04:28,1.665613306417896,3.002321812389213,25
269,2023-08-05 00:04:29,1.6687751859963527,3.002355344875541,27
270,2023-08-05 00:04:30,1.6713786899577316,3.0024508710264293,25
271,2023-08-05 00:04:31,1.674128857255999,3.005809089198726,25
272,2023-08-05 00:04:32,1.674940670866021,3.0114210299100934,27
273,2023-08-05 00:04:33,1.6762172520387306,3.013308145574782,26
274,2023-08-05 00:04:34,1.6855280198980787,3.0151794031059085,27
275,2023-08-05 00:04:35,1.6897197155450772,3.015795307581761,26
276,2023-08-05 00:04:36,1.6900946700242891,3.0166863569719817,26
277,2023-08-05 00:04:37,1.6948197323219518,3.018653972468508,26
278,2023-08-05 00:04:38,1.7015603523690819,3.023369458220972,27
279,2023-08-05 00:04:39,1.7048044432550495,3.0293154959235897,27
280,2023-08-05 00:04:40,1.7103723530331856,3.0302525591180185,27
281,2023-08-05 00:04:41,1.7188472891299398,3.0303095406747684,26
282,2023-08-05 00:04:42,1.7225724652284145,3.0303550578129363,25
283,2023-08-05 00:04:43,1.728949190763016,3.0352282479115336,27
284,2023-08-05 00:04:44,1.73169955886503,3.035281879032229,25
285,2023-08-05 00:04:45,1.7318753469040244,3.0362955802110996,25
286,2023-08-05 00:04:46,1.7324691619498784,3.0367209747428823,25
287,2023-08-05 00:04:47,1.7357080184493259,3.0380600013295678,27
288,2023-08-05 00:04:48,1.7359486987424293,3.0448233927439876,25
289,2023-08-05 00:04:49,1.7375040527154038,3.0456837334136897,25
290,2023-08-05 00:04:50,1.7402699931709444,3.0463168479433036,26
291,2023-08-05 00:04:51,1.7414011483312024,3.046346317983952,26
292,2023-08-05 00:04:52,1.7422262412550862,3.051629065445229,27
293,2023-08-05 00:04:53,1.7466430321176578,3.0520468161528984,26
294,2023-08-05 00:04:54,1.748319834558872,3.0525289779240548,27
295,2023-08-05 00:04:55,1.7510604720773484,3.0531717355779437,27
296,2023-08-05 00:04:56,1.7551803105016832,3.053850236136726,26
297,2023-08-05 00:04:57,1.7557731884377377,3.053853963475553,25
298,2023-08-05 00:04:58,1.7639692084074856,3.0546922578133913,25
299,2023-08-05 00:04:59,1.7646399409948026,3.055640175314852,26
300,2023-08-05 00:05:00,1.7812018839057702,3.0576460918880266,26
301,2023-08-05 00:05:01,1.804511135739645,3.059435078608705,26
302,2023-08-05 00:05:02,1.807435338864025,3.061966501029903,27
303,2023-08-05 00:05:03,1.814999831227871,3.0642994649729367,27
304,2023-08-05 00:05:04,1.8180199578917895,3.06809750630347,27
305,2023-08-05 00:05:05,1.8191638098861167,3.069571975978876,26
306,2023-08-05 00:05:06,1.820602232800686,3.070191509721511,26
307,2023-08-05 00:05:07,1.824914406394728,3.0706089272878674,26
308,2023-08-05 00:05:08,1.825023270961405,3.070894585506687,27
309,2023-08-05 00:05:09,1.8256575252388838,3.071117758048521,26
310,2023-08-05 00:05:10,1.8263122193317745,3.0717117113618113,27
311,2023-08-05 00:05:11,1.8266615203685626,3.0736697364664898,26
312,2023-08-05 00:05:12,1.831009667212003,3.0738720702381643,27
313,2023-08-05 00:05:13,1.8399358739051654,3.0739193802142113,25
314,2023-08-05 00:05:14,1.8409480423051363,3.074611038822539,27
315,2023-08-05 00:05:15,1.8416904925446906,3.0747871716509123,26
316,2023-08-05 00:05:16,1.8471453310546555,3.079529533678306,25
317,2023-08-05 00:05:17,1.848594009529819,3.0799217501699587,26
318,2023-08-05 00:05:18,1.8493300256330594,3.0805003029768536,26
319,2023-08-05 00:05:19,1.8603794301061558,3.0807464100599806,25
320,2023-08-05 00:05:20,1.866791403720977,3.08173903821519,27
321,2023-08-05 00:05:21,1.8690245562169003,3.083024538033952,26
322,2023-08-05 00:05:22,1.8694182056430106,3.0831056483519728,25
323,2023-08-05 00:05:23,1.8699898681483489,3.0851744459925596,27
324,2023-08-05 00:05:24,1.8707648134837944,3.088440273671049,26
325,2023-08-05 00:05:25,1.877071223895495,3.0910278156060165,25
326,2023-08-05 00:05:26,1.8798580490754708,3.0912432594818435,25
327,2023-08-05 00:05:27,1.886426654998834,3.0914085165561263,25
328,2023-08-05 00:05:28,1.8864283507186055,3.0915591637416195,27
329,2023-08-05 00:05:29,1.8972015251110441,3.0924324755644625,25
330,2023-08-05 00:05:30,1.897778778020155,3.092453618813134,26
331,2023-08-05 00:05:31,1.9031146557431478,3.092608899148797,25
332,2023-08-05 00:05:32,1.903925945150581,3.0970285545944707,27
333,2023-08-05 00:05:33,1.9086219534053306,3.0974330862378427,25
334,2023-08-05 00:05:34,1.9100084230637606,3.0979838642620536,27
335,2023-08-05 00:05:35,1.9112368842098415,3.09857132574324,26
336,2023-08-05 00:05:36,1.9188950673560745,3.0987267593691596,26
337,2023-08-05 00:05:37,1.9220869844382331,3.101657032636205,27
338,2023-08-05 00:05:38,1.9247905352191363,3.1017551072010514,25
339,2023-08-05 00:05:39,1.9287896821660924,3.1021151561605933,26
340,2023-08-05 00:05:40,1.9314563219541254,3.1029162144326787,26
341,2023-08-05 00:05:41,1.9353754051232979,3.1049494670004743,25
342,2023-08-05 00:05:42,1.9362211503103566,3.105040113607508,26
343,2023-08-05 00:05:43,1.9364559049668761,3.105040951122382,27
344,2023-08-05 00:05:44,1.9393486479257014,3.105110251106031,25
345,2023-08-05 00:05:45,1.9402656862656715,3.1071124435308284,25
346,2023-08-05 00:05:46,1.9408062871286351,3.1078623423567078,27
347,2023-08-05 00:05:47,1.9613386618060995,3.110885191333961,27
348,2023-08-05 00:05:48,1.9656223236138874,3.110948655717655,26
349,2023-08-05 00:05:49,1.9661137240870215,3.1137488638184396,26
350,2023-08-05 00:05:50,1.980631399347699,3.1180196977956705,26
351,2023-08-05 00:05:51,1.9808714009287174,3.1180852277753246,27
352,2023-08-05 00:05:52,1.9809518894983535,3.1195831195985932,26
353,2023-08-05 00:05:53,1.9855374359793225,3.1235474353064197,27
354,2023-08-05 00:05:54,1.9888372932503222,3.1272691981677965,26
355,2023-08-05 00:05:55,1.9931937253608196,3.1309295333624294,27
356,2023-08-05 00:05:56,1.9954066738475753,3.1331171563721085,27
357,2023-08-05 00:05:57,1.998943909424685,3.133226433709586,25
358,2023-08-05 00:05:58,2.00407050045842,3.1346404012976454,27
359,2023-08-05 00:05:59,2.016372122947193,3.135989905184518,26
360,2023-08-05 00:06:00,2.0167786871242748,3.1388225840176234,25
361,2023-08-05 00:06:01,2.0173486621746797,3.1390449822812485,25
362,2023-08-05 00:06:02,2.0188649213442025,3.1417520927219416,26
363,2023-08-05 00:06:03,2.023073287339002,3.141862986021616,26
364,2023-08-05 00:06:04,2.0309399460996493,3.1430736635249894,26
365,2023-08-05 00:06:05,2.031355547587568,3.145030882216028,26
366,2023-08-05 00:06:06,2.0344395100822745,3.145105182376422,25
367,2023-08-05 00:06:07,2.043862321956084,3.1454338441633025,27
368,2023-08-05 00:06:08,2.046597779795512,3.1455028703553336,25
369,2023-08-05 00:06:09,2.048171294276435,3.147486986895003,25
370,2023-08-05 00:06:10,2.051973370333781,3.1507409987947415,26
371,2023-08-05 00:06:11,2.055457592698009,3.1508955168267,25
372,2023-08-05 00:06:12,2.055715202524079,3.1534894518561476,25
373,2023-08-05 00:06:13,2.055802052046987,3.154716181977488,25
374,2023-08-05 00:06:14,2.06043796383795,3.1571414198119547,25
375,2023-08-05 00:06:15,2.064656237777856,3.1584163045535503,27
376,2023-08-05 00:06:16,2.066661726557002,3.1604587456316278,25
377,2023-08-05 00:06:17,2.066752283329479,3.1609479692020837,27
378,2023-08-05 00:06:18,2.071782981810035,3.161585145262856,25
379,2023-08-05 00:06:19,2.0761874729430105,3.164222091916719,27
380,2023-08-05 00:06:20,2.0831742237116027,3.1649108118295035,26
381,2023-08-05 00:06:21,2.083679928378011,3.1670546519564207,25
382,2023-08-05 00:06:22,2.0886161334827533,3.1691998139512956,25
383,2023-08-05 00:06:23,2.0956232915927617,3.171802258949853,27
384,2023-08-05 00:06:24,2.0969785131743395,3.1740175411595253,26
385,2023-08-05 00:06:25,2.0984936772689595,3.1746186727639842,26
386,2023-08-05 00:06:26,2.0998625975157976,3.1784781609705877,25
387,2023-08-05 00:06:27,2.102135849752832,3.1797502422755244,27
388,2023-08-05 00:06:28,2.1030492014146205,3.18450926083475,25
389,2023-08-05 00:06:29,2.1063553376542865,3.1852847190240845,25
390,2023-08-05 00:06:30,2.1090475090819942,3.1881131442074007,26
391,2023-08-05 00:06:31,2.118602357635114,3.188937628522299,27
392,2023-08-05 00:06:32,2.120369848707177,3.1902670648100973,27
393,2023-08-05 00:06:33,2.1229792900642623,3.1921128221226014,27
394,2023-08-05 00:06:34,2.131037291119662,3.1963865407721603,27
395,2023-08-05 00:06:35,2.13485139581561,3.1967358879283125,26
396,2023-08-05 00:06:36,2.1361739845607017,3.1988963419417713,25
397,2023-08-05 00:06:37,2.137777351010403,3.1990061524836726,25
398,2023-08-05 00:06:38,2.145182935547488,3.199228195523276,25
399,2023-08-05 00:06:39,2.1455852926909076,3.2066354887108894,25
400,2023-08-05 00:06:40,2.150533217318851,3.207038823861742,26
401,2023-08-05 00:06:41,2.1522454225882877,3.2088811039607466,25
402,2023-08-05 00:06:42,2.1550748170641008,3.208945698528411,27
403,2023-08-05 00:06:43,2.1566706006775314,3.2125351056855886,27
404,2023-08-05 00:06:44,2.1579853151855577,3.2135094812888565,25
405,2023-08-05 00:06:45,2.1583435478854374,3.215025080340408,26
406,2023-08-05 00:06:46,2.161229526189617,3.215441861323966,27
407,2023-08-05 00:06:47,2.166610548811537,3.215493991764691,25
408,2023-08-05 00:06:48,2.170118791193945,3.21630605156197,27
409,2023-08-05 00:06:49,2.175120087865677,3.216391787349984,25
410,2023-08-05 00:06:50,2.1751944068624383,3.2164780277740057,25
411,2023-08-05 00:06:51,2.1783924228637623,3.21794853707922,27
412,2023-08-05 00:06:52,2.18842949715284,3.220305198810043,26
413,2023-08-05 00:06:53,2.206182438195582,3.222586027652494,27
414,2023-08-05 00:06:54,2.212295522018033,3.224741213888022,25
415,2023-08-05 00:06:55,2.223298918792343,3.226519832619384,25
416,2023-08-05 00:06:56,2.2351313150376853,3.227172511892653,27
417,2023-08-05 00:06:57,2.2369693788469753,3.2276476375303718,26
418,2023-08-05 00:06:58,2.23733733224834,3.228194891938013,25
419,2023-08-05 00:06:59,2.2415516880593946,3.2291397229682794,25
420,2023-08-05 00:07:00,2.246306004028044,3.230779273634485,25
421,2023-08-05 00:07:01,2.2464911551979094,3.2311540261476988,27
422,2023-08-05 00:07:02,2.2483445385143446,3.232259797748191,27
423,2023-08-05 00:07:03,2.252717854583604,3.233470825050862,26
424,2023-08-05 00:07:04,2.254020771361178,3.23592679524352,27
425,2023-08-05 00:07:05,2.2585244993924203,3.2360699291942834,25
426,2023-08-05 00:07:06,2.268956610912559,3.239871123237024,26
427,2023-08-05 00:07:07,2.271609108345256,3.2400796344557055,26
428,2023-08-05 00:07:08,2.273837627790213,3.2416573140267304,25
429,2023-08-05 00:07:09,2.2763843259001653,3.242797702737075,26
430,2023-08-05 00:07:10,2.2766779947482045,3.2433101402448123,26
431,2023-08-05 00:07:11,2.2775061756516566,3.251273744875544,26
432,2023-08-05 00:07:12,2.2804648943345054,3.2514500598597254,27
433,2023-08-05 00:07:13,2.281052838178538,3.251750618682202,27
434,2023-08-05 00:07:14,2.2825310849620815,3.258291764717696,26
435,2023-08-05 00:07:15,2.290907725626303,3.2590998410748444,27
436,2023-08-05 00:07:16,2.31701208474541,3.2599955751928156,25
437,2023-08-05 00:07:17,2.320729074598276,3.2607193200118125,25
438,2023-08-05 00:07:18,2.32175239862174,3.2612968276877448,25
439,2023-08-05 00:07:19,2.3245921848411104,3.262144882675328,27
440,2023-08-05 00:07:20,2.330411386753686,3.263965090749033,25
441,2023-08-05 00:07:21,2.3344260560447427,3.2663137327621814,25
442,2023-08-05 00:07:22,2.3570074358046478,3.2670673560159886,25
443,2023-08-05 00:07:23,2.364621626696704,3.27229689817211,26
444,2023-08-05 00:07:24,2.390512128114741,3.2723204170798788,25
445,2023-08-05 00:07:25,2.404672859120292,3.272933360246278,25
446,2023-08-05 00:07:26,2.4066158332787264,3.2738729151706067,26
447,2023-08-05 00:07:27,2.4117613677066307,3.2779317513038055,26
448,2023-08-05 00:07:28,2.424193343356825,3.279447005079024,26
449,2023-08-05 00:07:29,2.4254492859182846,3.279707216717317,26
450,2023-08-05 00:07:30,2.4255905263514013,3.2801141091767367,26
451,2023-08-05 00:07:31,2.430382088278857,3.281905513966642,27
452,2023-08-05 00:07:32,2.4304768987854057,3.283219587251578,26
453,2023-08-05 00:07:33,2.431582824830887,3.283679927655628,26
454,2023-08-05 00:07:34,2.4326320826988344,3.2850235103930663,25
455,2023-08-05 00:07:35,2.4328908889017535,3.2874352815232855,26
456,2023-08-05 00:07:36,2.433138085057057,3.291768276116676,26
457,2023-08-05 00:07:37,2.438894496450703,3.292352522424754,27
458,2023-08-05 00:07:38,2.4414308841176333,3.2949045463424476,26
459,2023-08-05 00:07:39,2.4468830302869704,3.296687638668182,26
460,2023-08-05 00:07:40,2.4477299499091196,3.302898797925521,25
461,2023-08-05 00:07:41,2.4533456521412678,3.303229317387347,25
462,2023-08-05 00:07:42,2.4615548271616103,3.3053269062492387,25
463,2023-08-05 00:07:43,2.4674532995209875,3.307144088794012,25
464,2023-08-05 00:07:44,2.4752231359449564,3.3082891758499122,27
465,2023-08-05 00:07:45,2.4780891777735956,3.308874258799661,27
466,2023-08-05 00:07:46,2.4846207312818644,3.3129290768315838,27
467,2023-08-05 00:07:47,2.4878693427596192,3.316429455474231,26
468,2023-08-05 00:07:48,2.4901753452509228,3.3174572981784896,26
469,2023-08-05 00:07:49,2.491294907590527,3.322631178196957,27
470,2023-08-05 00:07:50,2.4971454419492383,3.3230192607781914,25
471,2023-08-05 00:07:51,2.4991384919480018,3.326163387836784,25
472,2023-08-05 00:07:52,2.504416384465421,3.328114181069138,25
473,2023-08-05 00:07:53,2.507001204504113,3.329173242151409,26
474,2023-08-05 00:07:54,2.5088626949561696,3.3317866243412437,25
475,2023-08-05 00:07:55,2.509423263463526,3.331853404138296,27
476,2023-08-05 00:07:56,2.512749105206589,3.333285576051907,26
477,2023-08-05 00:07:57,2.5187216947334643,3.334044318952645,25
478,2023-08-05 00:07:58,2.5267068231303114,3.3394500523551462,27
479,2023-08-05 00:07:59,2.527034068091606,3.341215988515045,26
480,2023-08-05 00:08:00,2.528343354117624,3.34230608673344,26
481,2023-08-05 00:08:01,2.5304085999467407,3.3440515895568867,25
482,2023-08-05 00:08:02,2.5333684028365084,3.344190788033659,25
483,2023-08-05 00:08:03,2.5410022383431885,3.344742099236246,26
484,2023-08-05 00:08:04,2.5463568176657474,3.3463017110131092,27
485,2023-08-05 00:08:05,2.548309011345054,3.355649665977032,27
486,2023-08-05 00:08:06,2.555611089951736,3.35742887422851,26
487,2023-08-05 00:08:07,2.5612173392284525,3.360309074470952,27
488,2023-08-05 00:08:08,2.5630960970961465,3.3609305370456495,25
489,2023-08-05 00:08:09,2.566284271307221,3.36184641992435,26
490,2023-08-05 00:08:10,2.577602920873363,3.365471452789743,27
491,2023-08-05 00:08:11,2.57918791429869,3.3669161311941145,27
492,2023-08-05 00:08:12,2.5808319739193997,3.367967591998774,27
493,2023-08-05 00:08:13,2.585210257105011,3.370046003812207,27
494,2023-08-05 00:08:14,2.5858008945741155,3.3720624181395538,27
495,2023-08-05 00:08:15,2.586226542611957,3.3724543170334855,25
496,2023-08-05 00:08:16,2.5885078908636308,3.384597546521831,26
497,2023-08-05 00:08:17,2.5976005797844905,3.3847381163309347,27
498,2023-08-05 00:08:18,2.604248182121234,3.3874639241737845,25
499,2023-08-05 00:08:19,2.6060148357710236,3.389936013991441,26
500,2023-08-05 00:08:20,2.6102485608609935,3.3921192720449134,26
501,2023-08-05 00:08:21,2.6135715051678354,3.3946016276522766,26
502,2023-08-05 00:08:22,2.624769832114631,3.3946742129861254,27
503,2023-08-05 00:08:23,2.6255032991719105,3.3957117898701927,27
504,2023-08-05 00:08:24,2.6260226684898353,3.3969326049486117,25
505,2023-08-05 00:08:25,2.6301122221590663,3.3988400742764444,25
506,2023-08-05 00:08:26,2.6318160879738386,3.3997667752899114,26
507,2023-08-05 00:08:27,2.633073102545051,3.4003310645364584,27
508,2023-08-05 00:08:28,2.6397585240375476,3.400803857926682,26
509,2023-08-05 00:08:29,2.6403214587074397,3.4015012363915056,26
510,2023-08-05 00:08:30,2.645823981444488,3.4035754916291316,27
511,2023-08-05 00:08:31,2.6486992588336573,3.404022195316495,27
512,2023-08-05 00:08:32,2.6496115142421988,3.4110410130439237,26
513,2023-08-05 00:08:33,2.6525509991263285,3.411938100752553,26
514,2023-08-05 00:08:34,2.6608415895238,3.415631300624419,27
515,2023-08-05 00:08:35,2.6626137355985935,3.416832000286371,26
516,2023-08-05 00:08:36,2.6632368333137393,3.417498438414328,27
517,2023-08-05 00:08:37,2.666501418272048,3.41756132425121,26
518,2023-08-05 00:08:38,2.6673016963262164,3.4177724465977852,26
519,2023-08-05 00:08:39,2.6811759203090872,3.4185523121803696,25
520,2023-08-05 00:08:40,2.685053471923966,3.419056723272769,26
521,2023-08-05 00:08:41,2.6885805984000184,3.4192345065125536,27
522,2023-08-05 00:08:42,2.703316474005379,3.4219178875612,26
523,2023-08-05 00:08:43,2.704108252536926,3.4250413765861456,26
524,2023-08-05 00:08:44,2.7090949702303657,3.4275243774117032,25
525,2023-08-05 00:08:45,2.713367175007291,3.4290551812259533,26
526,2023-08-05 00:08:46,2.7177813102566444,3.4296026121754943,27
527,2023-08-05 00:08:47,2.720892863640298,3.4310780169827564,27
528,2023-08-05 00:08:48,2.7268135302411665,3.432422275678279,26
529,2023-08-05 00:08:49,2.7366625049627604,3.4365452797192653,26
530,2023-08-05 00:08:50,2.7434449162683063,3.4395373335026465,25
531,2023-08-05 00:08:51,2.745952600588531,3.4436384896416365,25
532,2023-08-05 00:08:52,2.7551013817025547,3.444493879605436,26
533,2023-08-05 00:08:53,2.772437070060035,3.4486012970278366,25
534,2023-08-05 00:08:54,2.7756725795330963,3.4499895018539157,26
535,2023-08-05 00:08:55,2.780333154206805,3.4504685814855263,26
536,2023-08-05 00:08:56,2.7881271250881423,3.450594331586611,25
537,2023-08-05 00:08:57,2.794303152946963,3.452510393204427,27
538,2023-08-05 00:08:58,2.797216045124208,3.4535558984107846,26
539,2023-08-05 00:08:59,2.799899706021334,3.456037023054285,25
540,2023-08-05 00:09:00,2.800448992431144,3.4569364576577697,26
541,2023-08-05 00:09:01,2.8028033451195427,3.4579136938138983,26
542,2023-08-05 00:09:02,2.810154999778698,3.4588275261862074,26
543,2023-08-05 00:09:03,2.8170563802131046,3.4594045686189787,27
544,2023-08-05 00:09:04,2.8191506286760655,3.459464657756092,27
545,2023-08-05 00:09:05,2.8246100082707253,3.4619777254781523,25
546,2023-08-05 00:09:06,2.828125889214916,3.4620968800225542,27
547,2023-08-05 00:09:07,2.828387478833364,3.4647003198018367,25
548,2023-08-05 00:09:08,2.8318322393587243,3.464912313954272,25
549,2023-08-05 00:09:09,2.832063531137149,3.4696712213467387,25
550,2023-08-05 00:09:10,2.8349378137492143,3.4721544416417642,27
551,2023-08-05 00:09:11,2.835984086465583,3.4738843291937296,27
552,2023-08-05 00:09:12,2.844035042966486,3.4739962016071617,25
553,2023-08-05 00:09:13,2.844869028581486,3.4762319558558157,26
554,2023-08-05 00:09:14,2.8479105386536463,3.477076277772216,27
555,2023-08-05 00:09:15,2.854065582173857,3.4782408610871727,27
556,2023-08-05 00:09:16,2.8667009656520706,3.4789926002634175,25
557,2023-08-05 00:09:17,2.879435630570538,3.4838876662330764,26
558,2023-08-05 00:09:18,2.8842721248582484,3.485506804338377,25
559,2023-08-05 00:09:19,2.8870251525835946,3.4880523736093823,25
560,2023-08-05 00:09:20,2.8983836341552225,3.4886835035168797,26
561,2023-08-05 00:09:21,2.8990947800696265,3.4888494656034004,26
562,2023-08-05 00:09:22,2.8996089466055155,3.491716168583975,25
563,2023-08-05 00:09:23,2.9024850894998426,3.4944755222200157,26
564,2023-08-05 00:09:24,2.906906894765734,3.494916078523463,27
565,2023-08-05 00:09:25,2.913233934246472,3.4951230908481867,25
566,2023-08-05 00:09:26,2.9153859910912163,3.4952937705253344,27
567,2023-08-05 00:09:27,2.917863199087123,3.496638782837213,25
568,2023-08-05 00:09:28,2.9233877673915947,3.498488453760867,25
569,2023-08-05 00:09:29,2.9252616458511356,3.501850766162529,27
570,2023-08-05 00:09:30,2.9268305987708416,3.502349740176581,27
571,2023-08-05 00:09:31,2.931707244609708,3.5049456275746786,27
572,2023-08-05 00:09:32,2.935852592895053,3.5070748199249615,25
573,2023-08-05 00:09:33,2.941214984980234,3.508681987907306,26
574,2023-08-05 00:09:34,2.945366482808434,3.510532552149769,27
575,2023-08-05 00:09:35,2.948652378274595,3.510952540098831,25
576,2023-08-05 00:09:36,2.9575459660198202,3.5109687320393097,25
577,2023-08-05 00:09:37,2.958989897231489,3.512665175196426,25
578,2023-08-05 00:09:38,2.9674311520263896,3.5138610213109374,26
579,2023-08-05 00:09:39,2.972093576319467,3.5143675989702237,26
580,2023-08-05 00:09:40,2.972284387680522,3.5144113377275126,26
581,2023-08-05 00:09:41,2.9736351350346526,3.514541136472821,26
582,2023-08-05 00:09:42,2.974588865856673,3.515268201152347,26
583,2023-08-05 00:09:43,2.9859676564485733,3.517284158817692,27
584,2023-08-05 00:09:44,2.9861850790603133,3.519379805978769,27
585,2023-08-05 00:09:45,2.989917152913983,3.519849752382682,25
586,2023-08-05 00:09:46,2.995849210778307,3.5208517496042857,27
587,2023-08-05 00:09:47,2.9971051908926523,3.5225993916229656,26
588,2023-08-05 00:09:48,3.0005626635166887,3.525800757730812,25
589,2023-08-05 00:09:49,3.0061291024994876,3.5280962960720097,26
590,2023-08-05 00:09:50,3.0209601848640695,3.53411424387019,25
591,2023-08-05 00:09:51,3.032361929995139,3.5342458762405675,27
592,2023-08-05 00:09:52,3.032606908974214,3.537193654774359,27
593,2023-08-05 00:09:53,3.037208474422129,3.537349040295477,26
594,2023-08-05 00:09:54,3.0401024420770844,3.5392375296773837,25
595,2023-08-05 00:09:55,3.044536735841997,3.5431208586602354,26
596,2023-08-05 00:09:56,3.045381566616991,3.544716779096361,25
597,2023-08-05 00:09:57,3.0485610386842676,3.5455034546908957,27
598,2023-08-05 00:09:58,3.049664857828849,3.545626902543584,25
599,2023-08-05 00:09:59,3.0624482446117907,3.545638076923259,27
600,2023-08-05 00:10:00,3.0693517524657974,3.5477647917676842,26
601,2023-08-05 00:10:01,3.0695301290957917,3.5485280848332486,27
602,2023-08-05 00:10:02,3.078372122182389,3.548717590161324,27
603,2023-08-05 00:10:03,3.0873288321420618,3.550706522037083,26
604,2023-08-05 00:10:04,3.1006424425312185,3.5544364700842475,26
605,2023-08-05 00:10:05,3.1058785287764654,3.5547455210021797,25
606,2023-08-05 00:10:06,3.1077227733003654,3.5563840997363867,25
607,2023-08-05 00:10:07,3.1099559909693375,3.5575887442042484,26
608,2023-08-05 00:10:08,3.1123661381977166,3.5579040064231173,25
609,2023-08-05 00:10:09,3.112745641425345,3.559964144548134,25
610,2023-08-05 00:10:10,3.1139553974729144,3.561498192450739,26
611,2023-08-05 00:10:11,3.1166265798645165,3.561773135673876,26
612,2023-08-05 00:10:12,3.1208063812580713,3.5653718450245075,25
613,2023-08-05 00:10:13,3.122324964776091,3.565758340360927,26
614,2023-08-05 00:10:14,3.1247639304408104,3.5666268097900415,25
615,2023-08-05 00:10:15,3.131541735886457,3.5668549082829957,27
616,2023-08-05 00:10:16,3.1357820518825816,3.568560859203253,25
617,2023-08-05 00:10:17,3.137662144290494,3.571563011028105,27
618,2023-08-05 00:10:18,3.1432272065703506,3.575425313160041,26
619,2023-08-05 00:10:19,3.14630498589994,3.5778398599284515,25
620,2023-08-05 00:10:20,3.1569232390699753,3.5812502191287128,26
621,2023-08-05 00:10:21,3.157132202496368,3.582386343656153,26
622,2023-08-05 00:10:22,3.1599499827451547,3.58305400034983,26
623,2023-08-05 00:10:23,3.174196844283498,3.5866829918780927,27
624,2023-08-05 00:10:24,3.177966522718585,3.587301720360968,26
625,2023-08-05 00:10:25,3.186930313916966,3.587966740871444,27
626,2023-08-05 00:10:26,3.192301502042527,3.5896826325054922,27
627,2023-08-05 00:10:27,3.1929526020996404,3.5899167036902297,26
628,2023-08-05 00:10:28,3.2031018078977804,3.59107530398585,27
629,2023-08-05 00:10:29,3.217459168177967,3.5915420207263984,27
630,2023-08-05 00:10:30,3.2174808101923786,3.5991134824802304,25
631,2023-08-05 00:10:31,3.218053112980632,3.5994050314503436,27
632,2023-08-05 00:10:32,3.220838102608287,3.6039365964650654,25
633,2023-08-05 00:10:33,3.229133227157059,3.605106516012404,26
634,2023-08-05 00:10:34,3.232035205976745,3.6052474534800094,27
635,2023-08-05 00:10:35,3.2330369063452897,3.6052617112370795,25
636,2023-08-05 00:10:36,3.239011800520478,3.6071583716982945,27
637,2023-08-05 00:10:37,3.2421381979301622,3.6080311481895,27
638,2023-08-05 00:10:38,3.2437796464758524,3.6080505772672975,27
639,2023-08-05 00:10:39,3.2447461177753207,3.6101805348095968,27
640,2023-08-05 00:10:40,3.2455236102687075,3.6115645043956937,27
641,2023-08-05 00:10:41,3.2462655148280786,3.6124456421397033,25
642,2023-08-05 00:10:42,3.251434299106347,3.612876500784971,25
643,2023-08-05 00:10:43,3.2520694934730967,3.6132157491887007,26
644,2023-08-05 00:10:44,3.2593604548786375,3.6186534773377783,26
645,2023-08-05 00:10:45,3.2599409142796176,3.619005521970573,26
646,2023-08-05 00:10:46,3.264069828433109,3.620391187243219,27
647,2023-08-05 00:10:47,3.268476443889589,3.6221500479408038,26
648,2023-08-05 00:10:48,3.286169301375796,3.6234202421418074,26
649,2023-08-05 00:10:49,3.294832216427635,3.6244901837390238,25
650,2023-08-05 00:10:50,3.295615783915043,3.6264850309513603,25
651,2023-08-05 00:10:51,3.3017432551493635,3.627760132400293,27
652,2023-08-05 00:10:52,3.3065943082026332,3.628944940698615,27
653,2023-08-05 00:10:53,3.309808113812062,3.630837683987041,27
654,2023-08-05 00:10:54,3.31604000240378,3.6320211080608296,25
655,2023-08-05 00:10:55,3.322859193973419,3.6377324338374466,27
656,2023-08-05 00:10:56,3.3291433089131264,3.6428227474831925,26
657,2023-08-05 00:10:57,3.3313910240953217,3.6432454929802764,27
658,2023-08-05 00:10:58,3.331664915402145,3.6444268085616685,25
659,2023-08-05 00:10:59,3.33401868758315,3.6465706658655677,25
660,2023-08-05 00:11:00,3.34954985913207,3.649318050949158,26
661,2023-08-05 00:11:01,3.3522481288039145,3.6499523076826383,25
662,2023-08-05 00:11:02,3.3623542952024983,3.650458407014879,25
663,2023-08-05 00:11:03,3.3628779913324607,3.6518085349692333,25
664,2023-08-05 00:11:04,3.3703440181729474,3.652779665056994,26
665,2023-08-05 00:11:05,3.371434145388813,3.6560971678413328,27
666,2023-08-05 00:11:06,3.380641431150616,3.6573865261964267,27
667,2023-08-05 00:11:07,3.3846151715540977,3.6582414033596367,27
668,2023-08-05 00:11:08,3.38806619325477,3.6596130433256695,25
669,2023-08-05 00:11:09,3.392556554703791,3.660874079195473,26
670,2023-08-05 00:11:10,3.3972000627240124,3.6627425144181016,25
671,2023-08-05 00:11:11,3.3978760333278353,3.6642360150012143,26
672,2023-08-05 00:11:12,3.40160773730873,3.666128657164567,27
673,2023-08-05 00:11:13,3.40185061442994,3.6663037173556123,26
674,2023-08-05 00:11:14,3.405019319261284,3.6686215255421484,26
675,2023-08-05 00:11:15,3.4079632546206424,3.6689601272108074,25
676,2023-08-05 00:11:16,3.4171789767255984,3.669230498115405,26
677,2023-08-05 00:11:17,3.417425546506632,3.6697974029474647,27
678,2023-08-05 00:11:18,3.4202800937763937,3.670629628044404,26
679,2023-08-05 00:11:19,3.4219697414183603,3.6717519760955337,26
680,2023-08-05 00:11:20,3.4229486381698586,3.675577160046866,27
681,2023-08-05 00:11:21,3.4237504100048404,3.677649842996781,26
682,2023-08-05 00:11:22,3.4240047318006086,3.682191375566549,26
683,2023-08-05 00:11:23,3.428974197651746,3.6824335158645063,26
684,2023-08-05 00:11:24,3.4320745655256393,3.6838531255344478,26
685,2023-08-05 00:11:25,3.437071330588579,3.6842297424588777,25
686,2023-08-05 00:11:26,3.4392279151958407,3.684850523183994,25
687,2023-08-05 00:11:27,3.441527545337971,3.6857747651043415,27
688,2023-08-05 00:11:28,3.4482465476256086,3.6859784157310367,25
689,2023-08-05 00:11:29,3.4493335785883037,3.686192479392199,27
690,2023-08-05 00:11:30,3.4552472334581696,3.687184809966452,25
691,2023-08-05 00:11:31,3.463793662689451,3.6981272101864278,25
692,2023-08-05 00:11:32,3.4680603196314777,3.700740093565595,26
693,2023-08-05 00:11:33,3.468739852515333,3.7037858852324907,26
694,2023-08-05 00:11:34,3.4709926786242815,3.7046555620284263,26
695,2023-08-05 00:11:35,3.475408248910899,3.705834229642501,25
696,2023-08-05 00:11:36,3.477199814599865,3.7079682872290656,27
697,2023-08-05 00:11:37,3.4800975978744573,3.7085177741872903,26
698,2023-08-05 00:11:38,3.4873177534029556,3.7088066825665624,27
699,2023-08-05 00:11:39,3.4873408317265286,3.7098980055281956,25
700,2023-08-05 00:11:40,3.5019124955992242,3.710713843349871,25
701,2023-08-05 00:11:41,3.50670448878793,3.7116805177005543,25
702,2023-08-05 00:11:42,3.5076737342351727,3.7119673527302837,25
703,2023-08-05 00:11:43,3.5103217562988847,3.7137613836474204,25
704,2023-08-05 00:11:44,3.521133817738395,3.714535403821022,25
705,2023-08-05 00:11:45,3.525112747044033,3.7158247452927373,26
706,2023-08-05 00:11:46,3.5421637432585,3.7170896415913273,26
707,2023-08-05 00:11:47,3.542537907026173,3.7227679028926337,25
708,2023-08-05 00:11:48,3.5532065249606357,3.725215782783336,25
709,2023-08-05 00:11:49,3.5559841275260653,3.7276716968857384,25
710,2023-08-05 00:11:50,3.5579823953865044,3.729229903862472,25
711,2023-08-05 00:11:51,3.5593844148111438,3.730378567037662,27
712,2023-08-05 00:11:52,3.5637053137919503,3.7323209141019733,27
713,2023-08-05 00:11:53,3.568476417955029,3.733052510223903,26
714,2023-08-05 00:11:54,3.57299880514296,3.735818358120903,25
715,2023-08-05 00:11:55,3.5735686567533063,3.7364877132265564,27
716,2023-08-05 00:11:56,3.5809468613553754,3.7396527681448006,27
717,2023-08-05 00:11:57,3.581194886926185,3.7407552254095053,25
718,2023-08-05 00:11:58,3.5936898868175975,3.743653681821958,27
719,2023-08-05 00:11:59,3.593983451372756,3.7481469936588736,26
720,2023-08-05 00:12:00,3.606077131984795,3.749435850675943,27
721,2023-08-05 00:12:01,3.6068426757299985,3.7508391963409293,27
722,2023-08-05 00:12:02,3.6247164351782137,3.7509725164383827,25
723,2023-08-05 00:12:03,3.6272012152818625,3.7512279588746225,26
724,2023-08-05 00:12:04,3.6331438648394623,3.7520525004918976,27
725,2023-08-05 00:12:05,3.635820946928992,3.7522698020723597,27
726,2023-08-05 00:12:06,3.6425836182752986,3.7552941061838414,25
727,2023-08-05 00:12:07,3.652960996233547,3.755333222190012,25
728,2023-08-05 00:12:08,3.6608386402659416,3.7614755326175944,26
729,2023-08-05 00:12:09,3.663135089550116,3.7641660511992967,27
730,2023-08-05 00:12:10,3.668100565050899,3.76740128865128,26
731,2023-08-05 00:12:11,3.6707781512666053,3.7691999297562315,25
732,2023-08-05 00:12:12,3.6724166788938915,3.7697948622574993,27
733,2023-08-05 00:12:13,3.674758203333622,3.7703564274859644,26
734,2023-08-05 00:12:14,3.6783130312484054,3.771020476542729,25
735,2023-08-05 00:12:15,3.6855179486097027,3.771591827241471,27
736,2023-08-05 00:12:16,3.6901214439469117,3.7717332816208153,25
737,2023-08-05 00:12:17,3.692930894201464,3.7724376466016283,27
738,2023-08-05 00:12:18,3.6947151297719065,3.7732049124696614,25
739,2023-08-05 00:12:19,3.6955044232878436,3.7750628149803123,26
740,2023-08-05 00:12:20,3.6957357744247217,3.776365017840007,25
741,2023-08-05 00:12:21,3.7018388507302964,3.776864730819062,26
742,2023-08-05 00:12:22,3.702529427087361,3.778256491499592,27
743,2023-08-05 00:12:23,3.7034128786660148,3.7784182664589316,27
744,2023-08-05 00:12:24,3.709485071048646,3.780790771151853,25
745,2023-08-05 00:12:25,3.7118332547030595,3.7820474258625683,25
746,2023-08-05 00:12:26,3.7145355082020695,3.7834785904179604,26
747,2023-08-05 00:12:27,3.714905723205511,3.7836434550545093,25
748,2023-08-05 00:12:28,3.717850521658505,3.783840011401055,27
749,2023-08-05 00:12:29,3.7224551372885752,3.7869470819787234,25
750,2023-08-05 00:12:30,3.72685431154083,3.786968673879878,25
751,2023-08-05 00:12:31,3.7344563211545894,3.790909689914441,26
752,2023-08-05 00:12:32,3.7348366635291583,3.792954377320209,25
753,2023-08-05 00:12:33,3.743661745157994,3.7948458329324044,25
754,2023-08-05 00:12:34,3.7441541470017543,3.7955587434125193,27
755,2023-08-05 00:12:35,3.7448722918329973,3.7972396188415414,27
756,2023-08-05 00:12:36,3.748879021108058,3.8046737207496593,25
757,2023-08-05 00:12:37,3.750811359187202,3.805077068696792,27
758,2023-08-05 00:12:38,3.760321232725393,3.805742833385013,25
759,2023-08-05 00:12:39,3.760785239347692,3.8131956379434446,25
760,2023-08-05 00:12:40,3.7653749214963157,3.815672319380883,26
761,2023-08-05 00:12:41,3.7691159501342866,3.8158995447299278,25
762,2023-08-05 00:12:42,3.7751608706264994,3.816301890313926,25
763,2023-08-05 00:12:43,3.7781372239883044,3.8166234144511266,27
764,2023-08-05 00:12:44,3.779757632931069,3.817612610901683,26
765,2023-08-05 00:12:45,3.7841659302292827,3.8188999664695253,26
766,2023-08-05 00:12:46,3.792741276067543,3.820229702630343,27
767,2023-08-05 00:12:47,3.794100783197898,3.823025746159731,27
768,2023-08-05 00:12:48,3.809572355297124,3.827012446611292,25
769,2023-08-05 00:12:49,3.8135744683825292,3.8285467641368744,27
770,2023-08-05 00:12:50,3.815548501397382,3.830626635580922,25
771,2023-08-05 00:12:51,3.820736446204149,3.830649713099426,26
772,2023-08-05 00:12:52,3.82175473630129,3.831042535325569,26
773,2023-08-05 00:12:53,3.8242317166057385,3.833300529481874,27
774,2023-08-05 00:12:54,3.827601907818724,3.834448308527464,26
775,2023-08-05 00:12:55,3.8412097440891855,3.8349870286820567,27
776,2023-08-05 00:12:56,3.8469831616498986,3.8363133228865336,27
777,2023-08-05 00:12:57,3.8470197792902727,3.8376436802008205,27
778,2023-08-05 00:12:58,3.858633142924134,3.8391104990676324,27
779,2023-08-05 00:12:59,3.8707996455463336,3.8431453479550166,26
780,2023-08-05 00:13:00,3.8761345631730455,3.8482562223623185,25
781,2023-08-05 00:13:01,3.8802279823966583,3.850902908225214,26
782,2023-08-05 00:13:02,3.8813562984834644,3.8510226562355556,26
783,2023-08-05 00:13:03,3.8827473092016156,3.85537074688611,27
784,2023-08-05 00:13:04,3.8865238398511783,3.859237930070797,25
785,2023-08-05 00:13:05,3.8890750827692373,3.86051989945292,25
786,2023-08-05 00:13:06,3.89470812811478,3.8638798670580488,27
787,2023-08-05 00:13:07,3.8948904987260886,3.8652498297502818,26
788,2023-08-05 00:13:08,3.9055355403937804,3.8657580932523805,26
789,2023-08-05 00:13:09,3.9110869508755144,3.8667366464185235,25
790,2023-08-05 00:13:10,3.911269968562923,3.8681677718173306,25
791,2023-08-05 00:13:11,3.9125321977244187,3.868836315045878,25
792,2023-08-05 00:13:12,3.9199246497786793,3.8701797560737377,26
793,2023-08-05 00:13:13,3.939838824683677,3.8705475733987376,26
794,2023-08-05 00:13:14,3.947163971637052,3.871318414530822,27
795,2023-08-05 00:13:15,3.9510373849718303,3.8718622616095875,26
796,2023-08-05 00:13:16,3.951615208711556,3.8757447477601614,26
797,2023-08-05 00:13:17,3.954387769548775,3.8774754764275707,25
798,2023-08-05 00:13:18,3.960550536516258,3.8792715690343322,25
799,2023-08-05 00:13:19,3.9613311029576184,3.880063837044048,27
800,2023-08-05 00:13:20,3.970736103095654,3.8837789906115465,25
801,2023-08-05 00:13:21,3.9774762992174644,3.8843183697589962,25
802,2023-08-05 00:13:22,3.9784522206304747,3.8863604099782196,25
803,2023-08-05 00:13:23,3.9822302502236577,3.887030806307252,26
804,2023-08-05 00:13:24,3.992116553279834,3.8908971632607443,25
805,2023-08-05 00:13:25,3.9965407418857453,3.8913384870487686,27
806,2023-08-05 00:13:26,4.002101836088936,3.8933813359750804,27
807,2023-08-05 00:13:27,4.003763322679364,3.8938285596128197,26
808,2023-08-05 00:13:28,4.008670942302832,3.8939899980464587,27
809,2023-08-05 00:13:29,4.0114121819687,3.8948065596396186,25
810,2023-08-05 00:13:30,4.0149587260156725,3.90090226376547,25
811,2023-08-05 00:13:31,4.018531572170192,3.9017240098787496,27
812,2023-08-05 00:13:32,4.0192891655111165,3.904283140931919,25
813,2023-08-05 00:13:33,4.019503677482253,3.905095243241172,27
814,2023-08-05 00:13:34,4.020452594299101,3.9084842942415836,25
815,2023-08-05 00:13:35,4.025744952867285,3.909370702271891,26
816,2023-08-05 00:13:36,4.025884849790009,3.911935902262953,27
817,2023-08-05 00:13:37,4.037932234916214,3.914069303738007,25
818,2023-08-05 00:13:38,4.041165188869652,3.916351455820031,27
819,2023-08-05 00:13:39,4.050346364310878,3.91664657466984,25
820,2023-08-05 00:13:40,4.050946730497985,3.917843543268921,26
821,2023-08-05 00:13:41,4.06412755941564,3.9186887765268614,27
822,2023-08-05 00:13:42,4.064516355059391,3.919946249430942,27
823,2023-08-05 00:13:43,4.07480175321539,3.925179224029078,25
824,2023-08-05 00:13:44,4.075669450064937,3.9272611343629373,25
825,2023-08-05 00:13:45,4.077497965797031,3.92783458866762,25
826,2023-08-05 00:13:46,4.083658449694344,3.927850489864015,26
827,2023-08-05 00:13:47,4.090963946768177,3.93088570783469,25
828,2023-08-05 00:13:48,4.092230782432122,3.9327067568453042,26
829,2023-08-05 00:13:49,4.099807835848074,3.9337236643610773,27
830,2023-08-05 00:13:50,4.1015315449024055,3.934415281170649,27
831,2023-08-05 00:13:51,4.104189676745743,3.935381273561517,27
832,2023-08-05 00:13:52,4.1076112000154055,3.935399645235142,26
833,2023-08-05 00:13:53,4.114150889326455,3.938140046616553,26
834,2023-08-05 00:13:54,4.119306921857463,3.941505663302662,25
835,2023-08-05 00:13:55,4.12190359624615,3.9425293336808913,25
836,2023-08-05 00:13:56,4.128587160025666,3.9431286500249865,27
837,2023-08-05 00:13:57,4.1293969276589575,3.945803032228464,26
838,2023-08-05 00:13:58,4.142837463226826,3.947825956599799,26
839,2023-08-05 00:13:59,4.146977227198414,3.948648025496692,27
840,2023-08-05 00:14:00,4.148941415795871,3.9488385894457654,25
841,2023-08-05 00:14:01,4.158614429960279,3.9491650931695976,27
842,2023-08-05 00:14:02,4.160801970488077,3.952079970743113,26
843,2023-08-05 00:14:03,4.166617602107377,3.952456914909299,27
844,2023-08-05 00:14:04,4.167348743633755,3.952479658195867,26
845,2023-08-05 00:14:05,4.171255897613923,3.95357874237348,27
846,2023-08-05 00:14:06,4.17176780484981,3.9557894156114943,25
847,2023-08-05 00:14:07,4.172849630351889,3.955810362447858,26
848,2023-08-05 00:14:08,4.176757721401606,3.9568025721221924,26
849,2023-08-05 00:14:09,4.178323314542465,3.9568743419030903,26
850,2023-08-05 00:14:10,4.182710677429477,3.9571781864159425,27
851,2023-08-05 00:14:11,4.185061849084878,3.9579503585182545,27
852,2023-08-05 00:14:12,4.186350765856595,3.9591371275477703,26
853,2023-08-05 00:14:13,4.194350255611878,3.960442000693525,26
854,2023-08-05 00:14:14,4.195371965552942,3.9611113920259813,25
855,2023-08-05 00:14:15,4.195619645806666,3.96208451095998,26
856,2023-08-05 00:14:16,4.207751775622231,3.962403190827146,26
857,2023-08-05 00:14:17,4.209445594107104,3.9627752156100686,25
858,2023-08-05 00:14:18,4.211303075082515,3.9634609251820967,26
859,2023-08-05 00:14:19,4.213495881505896,3.9668690299354696,26
860,2023-08-05 00:14:20,4.2222107852382535,3.9678805541356743,25
861,2023-08-05 00:14:21,4.222497879044161,3.9680186429564555,25
862,2023-08-05 00:14:22,4.223483370457432,3.971740750721775,26
863,2023-08-05 00:14:23,4.223536072570786,3.9724803542521334,25
864,2023-08-05 00:14:24,4.231239343411909,3.9765202431725473,27
865,2023-08-05 00:14:25,4.238811303429862,3.9769160980748675,27
866,2023-08-05 00:14:26,4.239922281591456,3.9771809383438117,27
867,2023-08-05 00:14:27,4.243896703564105,3.978358024691457,26
868,2023-08-05 00:14:28,4.25260821415825,3.9790648294767,27
869,2023-08-05 00:14:29,4.25301311991808,3.9801143543273447,27
870,2023-08-05 00:14:30,4.26075249407798,3.981133723273935,27
871,2023-08-05 00:14:31,4.260981714280478,3.9812470032503553,25
872,2023-08-05 00:14:32,4.262078620844212,3.9877640603511533,26
873,2023-08-05 00:14:33,4.28147674054361,3.98925575738833,25
874,2023-08-05 00:14:34,4.282223066623457,3.99015882427303,25
875,2023-08-05 00:14:35,4.282755074379294,3.992272450228023,25
876,2023-08-05 00:14:36,4.289237275943044,3.9936801695253408,27
877,2023-08-05 00:14:37,4.294837331376365,3.99469896373647,25
878,2023-08-05 00:14:38,4.298646223852502,3.997638182516843,27
879,2023-08-05 00:14:39,4.29923391067206,4.000002910433379,27
880,2023-08-05 00:14:40,4.307716608576188,4.002554101451771,26
881,2023-08-05 00:14:41,4.312779166801832,4.0060394923489415,26
882,2023-08-05 00:14:42,4.314851277163296,4.006706848795397,25
883,2023-08-05 00:14:43,4.315699497744028,4.008426371657995,25
884,2023-08-05 00:14:44,4.3222473698248844,4.009300306049532,25
885,2023-08-05 00:14:45,4.328533884965555,4.01691490639866,25
886,2023-08-05 00:14:46,4.332229315796738,4.018307083706442,27
887,2023-08-05 00:14:47,4.338592646286472,4.019061913622778,27
888,2023-08-05 00:14:48,4.343537542155914,4.019173910365776,25
889,2023-08-05 00:14:49,4.343771260092337,4.025142754531033,27
890,2023-08-05 00:14:50,4.353277921430728,4.026952449685656,25
891,2023-08-05 00:14:51,4.356710211215999,4.03352902975554,25
892,2023-08-05 00:14:52,4.358195363578715,4.033630853865734,26
893,2023-08-05 00:14:53,4.360439904805693,4.034966417172937,25
894,2023-08-05 00:14:54,4.362320327135307,4.036846592801504,27
895,2023-08-05 00:14:55,4.362662772594048,4.037433342978391,25
896,2023-08-05 00:14:56,4.363537311421049,4.0394519270364455,27
897,2023-08-05 00:14:57,4.364851046472976,4.0403673758803365,27
898,2023-08-05 00:14:58,4.371805948727651,4.041718114504844,26
899,2023-08-05 00:14:59,4.374777440192339,4.042406896417022,25
900,2023-08-05 00:15:00,4.38564027049204,4.047051926971419,26
901,2023-08-05 00:15:01,4.391821366763935,4.047813651848103,27
902,2023-08-05 00:15:02,4.3942392859695065,4.0492298719166815,27
903,2023-08-05 00:15:03,4.400030964899324,4.049915239203024,27
904,2023-08-05 00:15:04,4.403022481724871,4.050365099525869,26
905,2023-08-05 00:15:05,4.403434185595343,4.051264906142855,25
906,2023-08-05 00:15:06,4.412154762240316,4.051622030353387,27
907,2023-08-05 00:15:07,4.41344741264462,4.051681691246513,25
908,2023-08-05 00:15:08,4.41707661988665,4.052778606432062,25
909,2023-08-05 00:15:09,4.420339621674852,4.053237367330361,26
910,2023-08-05 00:15:10,4.425240245084009,4.055421991418386,27
911,2023-08-05 00:15:11,4.438166368550277,4.055627690837929,27
912,2023-08-05 00:15:12,4.4442589748061785,4.056279051639075,26
913,2023-08-05 00:15:13,4.444797621730114,4.061575236148356,25
914,2023-08-05 00:15:14,4.450066414735609,4.063485649384579,25
915,2023-08-05 00:15:15,4.4566383517641555,4.063488967519562,25
916,2023-08-05 00:15:16,4.458552140318057,4.063582169321817,25
917,2023-08-05 00:15:17,4.459127146830402,4.067328800450873,27
918,2023-08-05 00:15:18,4.467675335462705,4.067457375577002,26
919,2023-08-05 00:15:19,4.4732661406250385,4.070988395700271,25
920,2023-08-05 00:15:20,4.477633641758624,4.072410673048877,27
921,2023-08-05 00:15:21,4.485415227288447,4.072552424459067,27
922,2023-08-05 00:15:22,4.489405195975078,4.073163264552421,27
923,2023-08-05 00:15:23,4.492708950310652,4.0734195241980835,27
924,2023-08-05 00:15:24,4.493213544714321,4.0737055187569675,27
925,2023-08-05 00:15:25,4.502120187839013,4.0775651605841725,25
926,2023-08-05 00:15:26,4.5045247800644646,4.079150631194974,25
927,2023-08-05 00:15:27,4.5053386553604025,4.080125567478551,26
928,2023-08-05 00:15:28,4.513732896081432,4.081823435632961,27
929,2023-08-05 00:15:29,4.514152673345974,4.082710117076864,27
930,2023-08-05 00:15:30,4.514350029277777,4.090004243566336,27
931,2023-08-05 00:15:31,4.516969361667652,4.090032052777515,25
932,2023-08-05 00:15:32,4.518691555308369,4.0908575598419175,25
933,2023-08-05 00:15:33,4.526355862956512,4.091762998366631,25
934,2023-08-05 00:15:34,4.5267501346100705,4.09216809837229,27
935,2023-08-05 00:15:35,4.527583535859918,4.09225014823087,25
936,2023-08-05 00:15:36,4.531679723845132,4.092629988233085,25
937,2023-08-05 00:15:37,4.532291186283246,4.093245571449557,25
938,2023-08-05 00:15:38,4.533009022539554,4.096648118125585,25
939,2023-08-05 00:15:39,4.5437298641043355,4.097401074114792,26
940,2023-08-05 00:15:40,4.545750420453103,4.098114965334091,25
941,2023-08-05 00:15:41,4.563496604772659,4.098174399983426,26
942,2023-08-05 00:15:42,4.5754050463674965,4.098435535245937,27
943,2023-08-05 00:15:43,4.576661004725938,4.103031958409224,27
944,2023-08-05 00:15:44,4.579064361273627,4.104914483982758,26
945,2023-08-05 00:15:45,4.582624165649452,4.106097597092421,27
946,2023-08-05 00:15:46,4.585680507521774,4.1061332525236,26
947,2023-08-05 00:15:47,4.587342926734381,4.106145598469103,27
948,2023-08-05 00:15:48,4.589000810015788,4.107531848686737,26
949,2023-08-05 00:15:49,4.590258604100935,4.1085453349495475,25
950,2023-08-05 00:15:50,4.593757372511163,4.108878065954256,26
951,2023-08-05 00:15:51,4.600117045745465,4.110031316849081,27
952,2023-08-05 00:15:52,4.600277016558943,4.110187413087136,25
953,2023-08-05 00:15:53,4.607578609946994,4.11046840024135,27
954,2023-08-05 00:15:54,4.617720641830957,4.111947291427544,26
955,2023-08-05 00:15:55,4.622580736680467,4.112984068151885,27
956,2023-08-05 00:15:56,4.632713137238916,4.117599969016466,26
957,2023-08-05 00:15:57,4.641628327940628,4.118032031816349,27
958,2023-08-05 00:15:58,4.647539035381655,4.118716049332658,26
959,2023-08-05 00:15:59,4.652109503676879,4.119102634312592,27
960,2023-08-05 00:16:00,4.652569049130678,4.1225603009456195,27
961,2023-08-05 00:16:01,4.653771365025767,4.123350597426444,25
962,2023-08-05 00:16:02,4.656028568734296,4.1239992435490205,26
963,2023-08-05 00:16:03,4.664026501244926,4.1250641546036055,25
964,2023-08-05 00:16:04,4.668085789223397,4.127118684170756,27
965,2023-08-05 00:16:05,4.668540140190803,4.129387594106321,25
966,2023-08-05 00:16:06,4.6694760246483025,4.133700386042646,26
967,2023-08-05 00:16:07,4.671063680828571,4.134988650816107,27
968,2023-08-05 00:16:08,4.678795185827234,4.138329060640665,26
969,2023-08-05 00:16:09,4.679091838214557,4.138484776161263,27
970,2023-08-05 00:16:10,4.679960830080695,4.140463371015251,25
971,2023-08-05 00:16:11,4.681501825765704,4.143243473124315,25
972,2023-08-05 00:16:12,4.685723807655206,4.147960403279484,27
973,2023-08-05 00:16:13,4.69341640283316,4.148409890873142,26
974,2023-08-05 00:16:14,4.698996036023981,4.149440262468855,27
975,2023-08-05 00:16:15,4.701324709779005,4.149904254439685,26
976,2023-08-05 00:16:16,4.702896277468923,4.149921009579062,25
977,2023-08-05 00:16:17,4.706794846836965,4.15297795410382,27
978,2023-08-05 00:16:18,4.706871639658877,4.152998975708526,27
979,2023-08-05 00:16:19,4.708776426812024,4.153070374835509,26
980,2023-08-05 00:16:20,4.709166775974271,4.155053941770435,25
981,2023-08-05 00:16:21,4.711086633059235,4.157436690338988,27
982,2023-08-05 00:16:22,4.715859620816563,4.161680008094299,25
983,2023-08-05 00:16:23,4.716206787829577,4.1630701508982755,25
984,2023-08-05 00:16:24,4.71876411794946,4.1633227543372495,26
985,2023-08-05 00:16:25,4.724690658688811,4.168800510200118,27
986,2023-08-05 00:16:26,4.725995405849545,4.169262562479501,25
987,2023-08-05 00:16:27,4.727428197842631,4.1709166543407985,27
988,2023-08-05 00:16:28,4.729762212690915,4.1722332983813954,26
989,2023-08-05 00:16:29,4.7427115552674355,4.172823526149452,26
990,2023-08-05 00:16:30,4.748435422414778,4.174990896585181,25
991,2023-08-05 00:16:31,4.750540125898015,4.176289233587037,27
992,2023-08-05 00:16:32,4.751505608824681,4.179572270007363,25
993,2023-08-05 00:16:33,4.753800758128671,4.179704584623478,26
994,2023-08-05 00:16:34,4.758448907249196,4.180545794267673,27
995,2023-08-05 00:16:35,4.7626002683521484,4.18401383764046,27
996,2023-08-05 00:16:36,4.775895684227198,4.186506246537629,27
997,2023-08-05 00:16:37,4.77720680302995,4.195469955345489,25
998,2023-08-05 00:16:38,4.782249173351497,4.1965067584490185,26
999,2023-08-05 00:16:39,4.786674102895239,4.19695609843826,25
1000,2023-08-05 00:16:40,4.790298106094205,4.199063603387884,25
